date,lf_size,employed,unemployed,outside,u_rate,p_rate,ep_ratio,lf_size_sa,employed_sa,unemployed_sa,u_rate_sa,p_rate_sa,unemployed_15_24,u_rate_15_24,unemployed_15_30,u_rate_15_30,employed_employer,employed_employee,employed_ownaccount,employed_unpaidfamily
2010-01-01,12367891.0,11931152.0,436739.0,6927510.0,3.53,64.1,61.83,12368000.0,11959800.0,408200.0,3.3,64.0,,,,,,,,
2010-02-01,12059800.0,11632300.0,427400.0,7225100.0,3.54,62.53,60.32,12120100.0,11712800.0,402200.0,3.3,62.9,,,,,,,,
2010-03-01,12324200.0,11895900.0,428300.0,6993000.0,3.48,63.8,61.58,12242400.0,11817200.0,416700.0,3.4,63.4,,,,,,,,
2010-04-01,12512010.0,12133505.0,378505.0,6894505.0,3.03,64.47,62.52,12382100.0,12025300.0,377600.0,3.0,63.8,,,,,,,,
2010-05-01,12197600.0,11798900.0,398700.0,7186000.0,3.27,62.93,60.87,12197500.0,11790700.0,405700.0,3.3,63.0,,,,,,,,
2010-06-01,12331800.0,11882200.0,449600.0,7065000.0,3.6,63.58,61.26,12338500.0,11898300.0,423800.0,3.4,63.6,,,,,,,,
2010-07-01,12516196.0,12099494.0,416702.0,6900457.0,3.33,64.46,62.32,12419900.0,11996400.0,422500.0,3.4,64.0,,,,,,,,
2010-08-01,12320900.0,11936500.0,384300.0,7157900.0,3.12,63.25,61.28,12353800.0,11945300.0,400900.0,3.2,63.4,,,,,,,,
2010-09-01,12289900.0,11912100.0,377800.0,7194400.0,3.07,63.08,61.14,12330700.0,11957700.0,386300.0,3.1,63.3,,,,,,,,
2010-10-01,12689500.0,12342600.0,346800.0,6846700.0,2.73,64.95,63.18,12772300.0,12407000.0,370800.0,2.9,65.4,,,,,,,,
2010-11-01,12277466.0,11874113.0,403353.0,7298313.0,3.29,62.72,60.66,12392600.0,11966900.0,418200.0,3.4,63.3,,,,,,,,
2010-12-01,12822341.0,12418255.0,404086.0,6722319.0,3.15,65.61,63.54,12794900.0,12391600.0,406900.0,3.2,65.4,,,,,,,,
2011-01-01,12804193.0,12376008.0,428185.0,6881623.0,3.34,65.04,62.87,12782400.0,12383100.0,399600.0,3.1,64.8,,,,,,,,
2011-02-01,12618903.0,12245296.0,373607.0,7110270.0,2.96,63.96,62.07,12674900.0,12312500.0,357200.0,2.8,64.3,,,,,,,,
2011-03-01,12862200.0,12491800.0,370400.0,6940100.0,2.88,64.95,63.08,12778000.0,12409900.0,363400.0,2.8,64.6,,,,,,,,
2011-04-01,12921678.0,12537109.0,384569.0,6930574.0,2.98,65.09,63.15,12792600.0,12426600.0,388400.0,3.0,64.5,,,,,,,,
2011-05-01,12726628.0,12330288.0,396340.0,7133230.0,3.11,64.08,62.09,12757100.0,12352400.0,403000.0,3.2,64.3,,,,,,,,
2011-06-01,12782659.0,12372566.0,410093.0,7073704.0,3.21,64.38,62.31,12805000.0,12403000.0,390800.0,3.1,64.5,,,,,,,,
2011-07-01,12967390.0,12581506.0,385884.0,6920455.0,2.98,65.2,63.26,12858300.0,12466300.0,389100.0,3.0,64.7,,,,,,,,
2011-08-01,12887900.0,12486700.0,401200.0,7038600.0,3.11,64.68,62.66,12930600.0,12501400.0,415000.0,3.2,64.9,,,,,,,,
2011-09-01,12875857.0,12456872.0,418985.0,7032178.0,3.25,64.68,62.57,12906100.0,12496000.0,424300.0,3.3,64.8,,,,,,,,
2011-10-01,12938227.0,12550107.0,388120.0,7045657.0,3.0,64.74,62.8,13013100.0,12616900.0,409000.0,3.1,65.1,,,,,,,,
2011-11-01,12722430.0,12323693.0,398737.0,7245700.0,3.13,63.71,61.72,12829700.0,12410900.0,412600.0,3.2,64.3,,,,,,,,
2011-12-01,13092115.0,12687249.0,404866.0,6997310.0,3.09,65.17,63.15,13053800.0,12651300.0,405400.0,3.1,64.9,,,,,,,,
2012-01-01,13191637.0,12781253.0,410384.0,6878488.0,3.11,65.73,63.68,13164000.0,12781100.0,383300.0,2.9,65.5,,,,,,,,
2012-02-01,13054519.0,12645628.0,408891.0,7042264.0,3.13,64.96,62.92,13103100.0,12699100.0,394100.0,3.0,65.3,,,,,,,,
2012-03-01,13295406.0,12893842.0,401564.0,6897344.0,3.02,65.84,63.85,13221100.0,12822600.0,397200.0,3.0,65.5,,,,,,,,
2012-04-01,13331757.0,12936947.0,394810.0,6851332.0,2.96,66.05,64.1,13226300.0,12841500.0,403000.0,3.0,65.6,,,,,,,,
2012-05-01,13245552.0,12861183.0,384369.0,6952883.0,2.9,65.58,63.67,13293700.0,12903800.0,389000.0,2.9,65.9,,,,,,,,
2012-06-01,13232477.0,12811434.0,421043.0,7013732.0,3.18,65.36,63.28,13256600.0,12841100.0,407800.0,3.1,65.5,,,,,,,,
2012-07-01,13511698.0,13093348.0,418350.0,6777259.0,3.1,66.6,64.53,13413800.0,12988900.0,422400.0,3.1,66.1,,,,,,,,
2012-08-01,13313600.0,12963421.0,350179.0,7039910.0,2.63,65.41,63.69,13348900.0,12972100.0,359100.0,2.7,65.6,,,,,,,,
2012-09-01,13408548.0,12984547.0,424001.0,6993240.0,3.16,65.72,63.64,13416100.0,13002800.0,425000.0,3.2,65.8,,,,,,,,
2012-10-01,13341418.0,12908857.0,432561.0,7056246.0,3.24,65.41,63.29,13400900.0,12964400.0,448100.0,3.3,65.7,,,,,,,,
2012-11-01,13429158.0,13044574.0,384584.0,7094575.0,2.86,65.43,63.56,13520300.0,13119300.0,398400.0,2.9,65.9,,,,,,,,
2012-12-01,13538612.0,13114296.0,424316.0,7060597.0,3.13,65.72,63.66,13499300.0,13079500.0,423000.0,3.1,65.5,,,,,,,,
2013-01-01,13569616.0,13109790.0,459826.0,7035463.0,3.39,65.86,63.62,13550100.0,13113100.0,432800.0,3.2,65.6,,,,,,,,
2013-02-01,13598802.0,13195902.0,402900.0,7119767.0,2.96,65.64,63.69,13641800.0,13242500.0,389300.0,2.9,65.9,,,,,,,,
2013-03-01,13684374.0,13241749.0,442625.0,7116685.0,3.23,65.79,63.66,13625300.0,13188700.0,439500.0,3.2,65.5,,,,,,,,
2013-04-01,13835650.0,13422868.0,412782.0,6922697.0,2.98,66.65,64.66,13763500.0,13353900.0,422700.0,3.1,66.3,,,,,,,,
2013-05-01,13815303.0,13368899.0,446404.0,7005554.0,3.23,66.35,64.21,13867000.0,13414900.0,451700.0,3.3,66.7,,,,,,,,
2013-06-01,14217139.0,13816916.0,400223.0,6668594.0,2.82,68.07,66.15,14232800.0,13838300.0,392600.0,2.8,68.2,,,,,,,,
2013-07-01,14194590.0,13762996.0,431594.0,6655910.0,3.04,68.08,66.01,14119500.0,13683200.0,434000.0,3.1,67.7,,,,,,,,
2013-08-01,14176635.0,13734204.0,442431.0,6689846.0,3.12,67.94,65.82,14200800.0,13730900.0,451500.0,3.2,68.0,,,,,,,,
2013-09-01,14309448.0,13859525.0,449923.0,6557257.0,3.14,68.58,66.42,14295200.0,13852900.0,450000.0,3.1,68.5,,,,,,,,
2013-10-01,14169212.0,13699116.0,470096.0,6746332.0,3.32,67.74,65.5,14214800.0,13743200.0,481100.0,3.4,67.9,,,,,,,,
2013-11-01,14220894.0,13730394.0,490500.0,6716184.0,3.4,67.92,65.58,14279300.0,13773300.0,510800.0,3.6,68.2,,,,,,,,
2013-12-01,14276541.0,13836231.0,440310.0,6724250.0,3.08,67.98,65.88,14248600.0,13816100.0,437200.0,3.1,67.8,,,,,,,,
2014-01-01,14244393.0,13775864.0,468529.0,6734679.0,3.29,67.9,65.66,14243300.0,13795500.0,444100.0,3.1,67.8,,,,,,,,
2014-02-01,14249936.0,13787967.0,461969.0,6808745.0,3.24,67.67,65.47,14275900.0,13820100.0,445800.0,3.1,67.9,,,,,,,,
2014-03-01,14198390.0,13768301.0,430089.0,6956085.0,3.03,67.12,65.08,14160800.0,13738100.0,427200.0,3.0,67.0,,,,,,,,
2014-04-01,14206672.0,13793201.0,413471.0,6849354.0,2.91,67.47,65.51,14173100.0,13757500.0,422400.0,3.0,67.4,,,,,,,,
2014-05-01,14430200.0,14023000.0,407200.0,6693200.0,2.82,68.31,66.39,14470800.0,14060100.0,411300.0,2.8,68.6,,,,,,,,
2014-06-01,14373400.0,13967000.0,406400.0,6826600.0,2.83,67.8,65.88,14376600.0,13970900.0,404000.0,2.8,67.8,,,,,,,,
2014-07-01,14333400.0,13935800.0,397600.0,6846200.0,2.77,67.68,65.8,14289400.0,13888200.0,399600.0,2.8,67.5,,,,,,,,
2014-08-01,14266298.0,13881378.0,384920.0,6934102.0,2.7,67.29,65.48,14268000.0,13861900.0,391000.0,2.7,67.3,,,,,,,,
2014-09-01,14440166.0,14058402.0,381764.0,6763716.0,2.64,68.1,66.3,14415200.0,14036100.0,381900.0,2.6,68.0,,,,,,,,
2014-10-01,14403142.0,14023254.0,379888.0,6926720.0,2.64,67.53,65.74,14436800.0,14054600.0,385100.0,2.7,67.7,,,,,,,,
2014-11-01,14404100.0,14025400.0,378700.0,6887100.0,2.63,67.65,65.87,14436200.0,14046600.0,393900.0,2.7,67.8,,,,,,,,
2014-12-01,14511989.0,14060240.0,451749.0,6784814.0,3.11,68.14,66.02,14500100.0,14055700.0,449400.0,3.1,68.0,,,,,,,,
2015-01-01,14442000.0,13991800.0,450300.0,6923700.0,3.12,67.59,65.49,14458400.0,14023900.0,431100.0,3.0,67.6,,,,,,,,
2015-02-01,14554700.0,14092900.0,461800.0,6847800.0,3.17,68.0,65.85,14561500.0,14109100.0,444800.0,3.1,68.1,,,,,,,,
2015-03-01,14601200.0,14160500.0,440700.0,6839300.0,3.02,68.1,66.05,14574300.0,14143100.0,436800.0,3.0,68.0,,,,,,,,
2015-04-01,14569500.0,14136200.0,433300.0,6890200.0,2.97,67.89,65.87,14558800.0,14125300.0,440100.0,3.0,67.9,,,,,,,,
2015-05-01,14575000.0,14126700.0,448300.0,6933500.0,3.08,67.76,65.68,14605000.0,14151800.0,453100.0,3.1,68.0,,,,,,,,
2015-06-01,14609900.0,14146700.0,463200.0,6896200.0,3.17,67.93,65.78,14600500.0,14133600.0,464200.0,3.2,67.9,,,,,,,,
2015-07-01,14579100.0,14106200.0,472900.0,6937700.0,3.24,67.76,65.56,14563400.0,14088500.0,473400.0,3.3,67.7,,,,,,,,
2015-08-01,14685100.0,14214600.0,470500.0,6871500.0,3.2,68.12,65.94,14678000.0,14190000.0,476500.0,3.2,68.1,,,,,,,,
2015-09-01,14642000.0,14151700.0,490300.0,6925400.0,3.3,67.89,65.62,14619100.0,14128400.0,492400.0,3.4,67.8,,,,,,,,
2015-10-01,14665900.0,14184700.0,481300.0,6894800.0,3.28,68.02,65.79,14688000.0,14202200.0,487600.0,3.3,68.1,,,,,,,,
2015-11-01,14687200.0,14215700.0,471500.0,6945000.0,3.21,67.9,65.72,14701000.0,14219900.0,488000.0,3.3,68.0,,,,,,,,
2015-12-01,14690000.0,14185700.0,504300.0,6945300.0,3.43,67.9,65.57,14685200.0,14189800.0,501700.0,3.4,67.8,,,,,,,,
2016-01-01,14652000.0,14150500.0,501500.0,6984200.0,3.42,67.72,65.4,14677100.0,14188700.0,482700.0,3.3,67.7,283600.0,10.7,402800.0,6.9,449000.0,10534100.0,2570300.0,597100.0
2016-02-01,14703300.0,14196900.0,506400.0,7063100.0,3.44,67.55,65.22,14697500.0,14202800.0,488100.0,3.3,67.6,236100.0,9.0,340600.0,5.7,543900.0,10582300.0,2437500.0,633100.0
2016-03-01,14710100.0,14200700.0,509500.0,6964000.0,3.46,67.87,65.52,14688000.0,14187500.0,505400.0,3.4,67.8,285000.0,10.9,416100.0,7.0,539400.0,10381200.0,2660300.0,619700.0
2016-04-01,14675300.0,14163700.0,511500.0,7012500.0,3.49,67.67,65.31,14677500.0,14166400.0,517000.0,3.5,67.7,305600.0,11.5,405700.0,6.9,456200.0,10280600.0,2805900.0,621100.0
2016-05-01,14705000.0,14200200.0,504800.0,7021100.0,3.43,67.68,65.36,14727800.0,14217700.0,509800.0,3.5,67.8,291600.0,11.1,395200.0,6.8,532000.0,10407900.0,2573100.0,687100.0
2016-06-01,14720100.0,14218400.0,501800.0,7036500.0,3.41,67.66,65.35,14703300.0,14195400.0,505600.0,3.4,67.6,240500.0,9.6,387300.0,6.6,534300.0,10535600.0,2453500.0,694900.0
2016-07-01,14729000.0,14212800.0,516200.0,7008400.0,3.5,67.76,65.38,14735000.0,14217100.0,516100.0,3.5,67.8,309000.0,11.8,446900.0,7.5,427200.0,10536400.0,2605400.0,643800.0
2016-08-01,14822200.0,14306900.0,515200.0,7053300.0,3.48,67.76,65.4,14806500.0,14279500.0,520400.0,3.5,67.7,305300.0,11.6,412900.0,6.8,452300.0,10719500.0,2527000.0,608100.0
2016-09-01,14762200.0,14249600.0,512600.0,7084300.0,3.47,67.57,65.23,14749000.0,14234600.0,515400.0,3.5,67.5,266300.0,10.6,369900.0,6.4,460700.0,10814300.0,2331000.0,643600.0
2016-10-01,14765100.0,14253400.0,511700.0,7071100.0,3.47,67.62,65.27,14775600.0,14257200.0,519000.0,3.5,67.7,290500.0,11.4,399700.0,6.8,458800.0,10719600.0,2508700.0,566300.0
2016-11-01,14827900.0,14317200.0,510700.0,7081800.0,3.44,67.68,65.3,14836200.0,14316000.0,525500.0,3.5,67.7,253700.0,9.5,391200.0,6.6,466600.0,10929500.0,2311200.0,609900.0
2016-12-01,14788900.0,14276700.0,512200.0,7072800.0,3.46,67.6,65.3,14786400.0,14283400.0,509600.0,3.4,67.6,267400.0,10.2,393600.0,6.6,443000.0,10865900.0,2354200.0,613600.0
2017-01-01,14880900.0,14366800.0,514100.0,7090400.0,3.45,67.73,65.39,14908500.0,14405200.0,497200.0,3.3,67.7,306200.0,12.0,410600.0,7.0,550000.0,10652000.0,2548600.0,616200.0
2017-02-01,14916700.0,14401800.0,514800.0,7086900.0,3.45,67.79,65.45,14906100.0,14405500.0,496200.0,3.3,67.8,285400.0,11.1,413700.0,7.0,464600.0,10677200.0,2548400.0,711700.0
2017-03-01,14932500.0,14421700.0,510800.0,7121800.0,3.42,67.71,65.39,14908100.0,14405500.0,507300.0,3.4,67.6,258900.0,10.1,392200.0,6.6,575400.0,10624800.0,2630100.0,591400.0
2017-04-01,14941500.0,14429600.0,511900.0,7122500.0,3.43,67.72,65.4,14949300.0,14438200.0,515600.0,3.4,67.8,272200.0,10.8,414500.0,6.9,590900.0,10525100.0,2687800.0,625800.0
2017-05-01,14961900.0,14454400.0,507500.0,7120800.0,3.39,67.75,65.46,14979300.0,14465300.0,513500.0,3.4,67.9,320200.0,12.2,418800.0,7.0,637900.0,10357700.0,2736100.0,722800.0
2017-06-01,15027600.0,14519900.0,507700.0,7141100.0,3.38,67.79,65.5,15011400.0,14496700.0,512600.0,3.4,67.7,296500.0,11.4,420100.0,7.0,578800.0,10745800.0,2590100.0,605300.0
2017-07-01,15016400.0,14497400.0,519000.0,7150400.0,3.46,67.74,65.4,15032200.0,14512900.0,517700.0,3.4,67.8,281100.0,11.3,445100.0,7.6,549200.0,10656400.0,2734800.0,557000.0
2017-08-01,15030200.0,14513400.0,516900.0,7138400.0,3.44,67.8,65.47,15009400.0,14482600.0,521800.0,3.5,67.7,295900.0,11.6,423100.0,7.1,608400.0,10703700.0,2623100.0,578100.0
2017-09-01,15058800.0,14544300.0,514500.0,7122100.0,3.42,67.89,65.57,15054600.0,14538100.0,516900.0,3.4,67.9,267400.0,10.3,377500.0,6.4,646000.0,10701800.0,2554600.0,641900.0
2017-10-01,15090400.0,14581700.0,508800.0,7117700.0,3.37,67.95,65.66,15095900.0,14580100.0,517200.0,3.4,68.0,303600.0,11.7,418800.0,7.0,593900.0,10949600.0,2446100.0,592000.0
2017-11-01,15084000.0,14578900.0,505100.0,7121400.0,3.3,67.93,65.65,15087600.0,14571100.0,518900.0,3.4,68.0,314400.0,11.7,406700.0,6.7,401700.0,10935500.0,2709400.0,532300.0
2017-12-01,15145900.0,14640100.0,505800.0,7084100.0,3.34,68.13,65.86,15145000.0,14649400.0,502700.0,3.3,68.1,309000.0,11.7,404700.0,6.8,546100.0,10982500.0,2504300.0,607200.0
2018-01-01,15187000.0,14670500.0,516500.0,7074800.0,3.4,68.22,65.9,15216231.0,14709450.0,500700.0,3.3,68.2,328500.0,12.3,437600.0,7.2,533000.0,10749400.0,2757700.0,630300.0
2018-02-01,15230000.0,14721500.0,508500.0,7112300.0,3.34,68.17,65.89,15216761.0,14724150.0,490200.0,3.2,68.2,310900.0,11.6,423000.0,6.9,472700.0,10746400.0,2825900.0,676500.0
2018-03-01,15241200.0,14732500.0,508700.0,7115000.0,3.34,68.17,65.9,15215182.0,14714548.0,505400.0,3.3,68.1,306200.0,11.7,414400.0,6.9,493900.0,10585300.0,2920700.0,732600.0
2018-04-01,15313100.0,14803100.0,510000.0,7130900.0,3.33,68.23,65.96,15323980.0,14814952.0,512800.0,3.3,68.4,287900.0,10.6,420300.0,6.8,550200.0,10832600.0,2719500.0,700800.0
2018-05-01,15357500.0,14852600.0,504800.0,7097100.0,3.29,68.39,66.1,15372411.0,14860179.0,511300.0,3.3,68.5,292500.0,10.6,391900.0,6.4,517200.0,10751800.0,2880600.0,703000.0
2018-06-01,15379000.0,14863200.0,515800.0,7062200.0,3.35,68.53,66.23,15362869.0,14839605.0,521400.0,3.4,68.5,284300.0,10.4,426900.0,6.9,529000.0,10823600.0,2817700.0,692900.0
2018-07-01,15401000.0,14882400.0,518600.0,7044500.0,3.37,68.62,66.3,15422128.0,14904011.0,516700.0,3.4,68.7,320600.0,11.8,425400.0,6.9,518200.0,10651200.0,3012800.0,700200.0
2018-08-01,15421400.0,14896500.0,525000.0,7133900.0,3.4,68.37,66.04,15397534.0,14863355.0,529700.0,3.4,68.3,303200.0,11.5,407000.0,6.7,599400.0,10758400.0,2865700.0,673000.0
2018-09-01,15442900.0,14926500.0,516400.0,7096800.0,3.34,68.51,66.22,15443363.0,14924709.0,518600.0,3.4,68.5,289500.0,10.5,413300.0,6.8,639100.0,10690000.0,2907800.0,689600.0
2018-10-01,15450000.0,14937100.0,512900.0,7093700.0,3.32,68.53,66.26,15452936.0,14932769.0,522000.0,3.4,68.5,277200.0,10.1,429100.0,7.0,513700.0,10764500.0,2944600.0,714200.0
2018-11-01,15457500.0,14941300.0,516200.0,7151200.0,3.34,68.37,66.09,15458737.0,14929953.0,529800.0,3.4,68.4,289000.0,10.5,415100.0,6.7,545800.0,10899200.0,2836900.0,659400.0
2018-12-01,15500100.0,14986000.0,514200.0,7120100.0,3.32,68.52,66.25,15499945.0,14996798.0,510700.0,3.3,68.4,328700.0,11.7,428800.0,6.8,593500.0,10811700.0,2909600.0,671200.0
2019-01-01,15508500.0,14992800.0,515600.0,7095879.0,3.32,68.61,66.33,15503074.0,15013368.0,502100.0,3.2,68.5,290100.0,10.6,409300.0,6.7,570400.0,10961600.0,2823000.0,637700.0
2019-02-01,15543200.0,15026800.0,516400.0,7145900.0,3.32,68.51,66.23,15525944.0,15016013.0,506500.0,3.3,68.5,282100.0,10.5,424300.0,6.8,619400.0,11098600.0,2752400.0,556500.0
2019-03-01,15556554.0,15035233.0,521321.0,7169387.0,3.35,68.45,66.16,15556087.0,15025917.0,520000.0,3.3,68.5,266300.0,9.9,403000.0,6.6,560000.0,11327200.0,2574500.0,573600.0
2019-04-01,15613141.0,15089840.0,523303.0,7184380.0,3.35,68.49,66.19,15607366.0,15092856.0,527600.0,3.4,68.5,288100.0,10.3,430000.0,6.9,578300.0,11156700.0,2764800.0,590100.0
2019-05-01,15642284.0,15122467.0,519817.0,7190031.0,3.32,68.51,66.23,15632608.0,15111922.0,526200.0,3.4,68.5,289300.0,10.5,414400.0,6.7,597900.0,11345600.0,2640800.0,538200.0
2019-06-01,15655947.0,15134558.0,521400.0,7156700.0,3.33,68.63,66.34,15637292.0,15116007.0,524700.0,3.4,68.6,287000.0,10.5,418500.0,6.8,551600.0,11243300.0,2746500.0,593100.0
2019-07-01,15704558.0,15179753.0,524805.0,7207749.0,3.34,68.54,66.25,15705030.0,15188867.0,522600.0,3.3,68.5,291300.0,10.2,434400.0,7.0,541600.0,11535900.0,2557700.0,544700.0
2019-08-01,15705960.0,15185778.0,520182.0,7172405.0,3.31,68.6,66.38,15708828.0,15159725.0,519600.0,3.3,68.7,297800.0,11.2,441200.0,7.3,582200.0,11235500.0,2855000.0,513000.0
2019-09-01,15751227.0,15229878.0,521400.0,7159813.0,3.31,68.7,66.47,15754508.0,15238891.0,521900.0,3.3,68.8,307100.0,11.1,443400.0,7.2,510800.0,11633800.0,2500300.0,584800.0
2019-10-01,15777725.0,15265599.0,512126.0,7175002.0,3.2,68.74,66.51,15786698.0,15275376.0,517200.0,3.3,68.8,244500.0,9.0,404800.0,6.4,547500.0,11659300.0,2452000.0,606800.0
2019-11-01,15828944.0,15315023.0,513921.0,7174220.0,3.2,68.81,66.58,15855264.0,15322991.0,522600.0,3.3,69.0,274200.0,9.5,411800.0,6.5,527600.0,11565100.0,2679800.0,542500.0
2019-12-01,15803024.0,15286033.0,516991.0,7129820.0,3.27,68.91,66.66,15817077.0,15303446.0,516600.0,3.3,68.9,309900.0,11.2,412900.0,6.5,482000.0,11563400.0,2669600.0,571100.0
2020-01-01,15829283.0,15317600.0,511687.0,7128908.0,3.23,68.9,66.72,15825801.0,15299390.0,516900.0,3.3,68.8,268100.0,10.0,396900.0,6.4,552300.0,11375400.0,2757100.0,632800.0
2020-02-01,15869753.0,15344500.0,525228.0,7224043.0,3.31,68.72,66.44,15849829.0,15334839.0,528800.0,3.3,68.7,288000.0,10.8,395000.0,6.4,513200.0,11513800.0,2691000.0,626500.0
2020-03-01,15842926.0,15232400.0,610537.0,7239769.0,3.85,68.64,65.99,15864317.0,15255130.0,607200.0,3.8,68.8,291400.0,11.3,470500.0,7.8,515700.0,11280000.0,2812200.0,624500.0
2020-04-01,15712192.0,14933400.0,778790.0,7345110.0,4.96,68.14,64.77,15713929.0,14943711.0,765700.0,4.9,68.2,324200.0,12.9,528000.0,9.0,563100.0,11146300.0,2585400.0,638500.0
2020-05-01,15714000.0,14887900.0,826100.0,7392062.0,5.256665843406812,68.00805902670542,64.43310540567035,15715886.0,14895944.0,815000.0,5.2,68.1,362400.0,14.2,573700.0,10.0,470300.0,11399400.0,2423900.0,594100.0
2020-06-01,15763451.0,14990200.0,773247.0,7398469.0,4.9,68.1,64.7,15788555.0,15008364.0,754800.0,4.8,68.2,335800.0,13.1,581700.0,9.7,497900.0,11438200.0,2417800.0,636200.0
2020-07-01,15818500.0,15073406.0,745100.0,7399800.0,4.7,68.1,64.9,15818816.0,15086380.0,729700.0,4.6,68.1,313200.0,13.9,544500.0,9.7,434800.0,11647400.0,2380900.0,610400.0
2020-08-01,15895092.0,15153500.0,741600.0,7351500.0,4.7,68.4,65.18587664432648,15889062.0,15167758.0,733500.0,4.6,68.3,331000.0,13.7,502300.0,8.9,434900.0,11719900.0,2416000.0,582800.0
2020-09-01,15930600.0,15193100.0,737500.0,7359800.0,4.6,68.4,65.2,15920911.0,15179663.0,740500.0,4.7,68.4,325500.0,13.0,502600.0,8.5,445100.0,11734900.0,2433700.0,579500.0
2020-10-01,15955300.0,15207100.0,748200.0,7347700.0,4.7,68.5,65.3,15951153.0,15189025.0,764100.0,4.8,68.4,321600.0,13.4,513200.0,8.9,450500.0,11763000.0,2425400.0,568300.0
2020-11-01,15960500.0,15196100.0,764392.0,7374824.0,4.7892711184380845,68.4,65.12065411629592,15952364.0,15183801.0,784100.0,4.9,68.4,344500.0,13.0,528400.0,8.8,456800.0,11782500.0,2412000.0,544700.0
2020-12-01,15988300.0,15215400.0,772891.0,7372186.0,4.8,68.4,65.12065411629592,15988940.0,15194246.0,795600.0,5.0,68.4,312200.0,13.2,497200.0,8.7,462900.0,11806100.0,2399400.0,547000.0
2021-01-01,16019800.0,15237300.0,782500.0,7366200.0,4.9,68.5,65.2,16016276.0,15219177.0,790400.0,4.9,68.4,295300.0,13.5,509200.0,9.2,469700.0,11846900.0,2394600.0,526100.0
2021-02-01,16048200.0,15270600.0,777500.0,7371400.0,4.8,68.5,65.2,16027963.0,15261022.0,782900.0,4.9,68.5,347600.0,13.9,544300.0,9.2,481000.0,11870800.0,2429900.0,488900.0
2021-03-01,16082500.0,15329300.0,753200.0,7363700.0,4.7,68.6,65.4,16104241.0,15352196.0,749100.0,4.7,68.7,321100.0,13.4,537300.0,9.3,491800.0,11898900.0,2478200.0,460400.0
2021-04-01,16094700.0,15352000.0,742700.0,7376800.0,4.6,68.6,65.4,16096471.0,15362600.0,730200.0,4.5,68.6,310700.0,13.7,507300.0,8.7,493000.0,11914800.0,2490500.0,453800.0
2021-05-01,16098900.0,15370800.0,728100.0,7398000.0,4.5,68.5,65.4,16100848.0,15379097.0,718300.0,4.5,68.6,328100.0,13.6,545700.0,9.2,495700.0,11930800.0,2492900.0,451400.0
2021-06-01,16066200.0,15297500.0,768700.0,7456800.0,4.8,68.3,65.0,16091786.0,15316032.0,750400.0,4.7,68.4,340900.0,12.7,565100.0,9.4,486300.0,11874100.0,2497000.0,440000.0
2021-07-01,16072900.0,15294800.0,778200.0,7475400.0,4.8,68.3,65.0,16073221.0,15307937.0,762100.0,4.7,68.3,344100.0,13.7,520600.0,8.5,485100.0,11869700.0,2503800.0,436200.0
2021-08-01,16125400.0,15376600.0,748800.0,7448500.0,4.6,68.4,65.2,16119275.0,15391071.0,740600.0,4.6,68.3,321100.0,13.9,524100.0,8.8,491400.0,11897600.0,2537700.0,449900.0
2021-09-01,16193100.0,15463500.0,729600.0,7405900.0,4.5,68.6,65.5,16182743.0,15449287.0,732600.0,4.5,68.6,335100.0,13.9,507800.0,8.5,499700.0,11925900.0,2572600.0,465400.0
2021-10-01,16259600.0,15554600.0,705000.0,7364500.0,4.3,68.8,65.8,16255342.0,15536115.0,720000.0,4.4,68.8,358800.0,13.9,508400.0,8.1,506000.0,11971200.0,2607900.0,469500.0
2021-11-01,16304700.0,15610300.0,694400.0,7344400.0,4.3,68.9,66.0,16296389.0,15597666.0,712300.0,4.4,68.9,350900.0,13.7,517900.0,8.2,509800.0,11998300.0,2628000.0,474200.0
2021-12-01,16336200.0,15648600.0,687600.0,7337800.0,4.2,69.0,66.1,16336892.0,15626895.0,707800.0,4.3,68.9,367700.0,13.7,533800.0,8.5,512900.0,12015900.0,2640200.0,479700.0
2022-01-01,16366400.0,15686100.0,680400.0,7332100.0,4.2,69.1,66.2,16350259.0,15651643.0,688300.0,4.2,68.9,364500.0,13.2,521800.0,8.3,517200.0,12028900.0,2656200.0,483800.0
2022-02-01,16402700.0,15730900.0,671800.0,7320700.0,4.1,69.1,66.3,16392554.0,15720245.0,675400.0,4.1,69.1,356900.0,13.0,513700.0,8.1,521400.0,12046200.0,2674800.0,488600.0
2022-03-01,16438500.0,15769400.0,669200.0,7309700.0,4.1,69.2,66.4,16437185.0,15768139.0,667800.0,4.1,69.2,361000.0,13.1,502400.0,8.0,525700.0,12060200.0,2691700.0,491800.0
2022-04-01,16502800.0,15853500.0,649300.0,7270200.0,3.9,69.4,66.7,16507100.0,15866500.0,640600.0,3.9,69.5,357200.0,12.8,501200.0,7.7,536000.0,12092500.0,2723600.0,501400.0
2022-05-01,16537800.0,15900000.0,637700.0,7260100.0,3.9,69.5,66.8,16553200.0,15921700.0,631600.0,3.8,69.6,341400.0,12.5,475700.0,7.4,539600.0,12112600.0,2744000.0,503900.0
2022-06-01,16566900.0,15936300.0,630600.0,7255500.0,3.8,69.5,66.9,16620900.0,16034800.0,603900.0,3.6,69.8,343900.0,12.2,474700.0,7.4,542500.0,12125600.0,2766200.0,502000.0
2022-07-01,16599200.0,15978400.0,620700.0,7247900.0,3.7,69.6,67.0,16611000.0,15996500.0,601800.0,3.6,69.7,336200.0,12.1,476500.0,7.4,545100.0,12144900.0,2787500.0,500900.0
2022-08-01,16629700.0,16017700.0,612000.0,7242000.0,3.7,69.7,67.1,16647200.0,16058000.0,604700.0,3.6,69.7,337600.0,12.1,467500.0,7.1,546900.0,12167000.0,2804700.0,499100.0
2022-09-01,16657200.0,16052200.0,605000.0,7239200.0,3.6,69.7,67.2,16640100.0,16030100.0,607500.0,3.7,69.7,339100.0,12.1,460400.0,7.1,548000.0,12182700.0,2823200.0,498200.0
2022-10-01,16683500.0,16081500.0,602000.0,7237300.0,3.6,69.7,67.2,16656800.0,16033700.0,618800.0,3.7,69.6,337200.0,12.1,476900.0,7.4,552400.0,12200400.0,2833600.0,495200.0
2022-11-01,16709400.0,16108600.0,600900.0,7235700.0,3.6,69.8,67.3,16686400.0,16063300.0,620100.0,3.7,69.7,329300.0,11.9,453100.0,7.0,554500.0,12214600.0,2848100.0,491300.0
